{
    "providers": [
        {
            "type": "bitmap",
            "file": "minecraft:ui/boss.png",
            "ascent": 13,
            "height": 52,
            "chars": [
                    "\u00CC"
                ]
        },
        {
            "type": "bitmap",
            "file": "minecraft:ui/opal.png",
            "ascent": 10,
            "height": 13,
            "chars": [
                    "\u00D5"
                ]
        },
        {
            "type": "bitmap",
            "file": "minecraft:ui/sapphire.png",
            "ascent": 10,
            "height": 13,
            "chars": [
                    "\u00D6"
                ]
        },
        {
            "type": "bitmap",
            "file": "minecraft:ui/topaz.png",
            "ascent": 10,
            "height": 13,
            "chars": [
                    "\u00D8"
                ]
        },
        {
            "type": "bitmap",
            "file": "minecraft:ui/moonstone.png",
            "ascent": 10,
            "height": 13,
            "chars": [
                    "\u00D9"
                ]
        },
        {
            "type": "bitmap",
            "file": "minecraft:ui/jade.png",
            "ascent": 10,
            "height": 13,
            "chars": [
                    "\u00DA"
                ]
        },
        {
            "type": "bitmap",
            "file": "minecraft:ui/titanium.png",
            "ascent": 10,
            "height": 13,
            "chars": [
                    "\u00DB"
                ]
        },
        {
            "type": "bitmap",
            "file": "minecraft:ui/mythril.png",
            "ascent": 10,
            "height": 13,
            "chars": [
                    "\u00DC"
                ]
        },
        {
            "type": "bitmap",
            "file": "minecraft:ui/admin.png",
            "ascent": 10,
            "height": 13,
            "chars": [
                    "\u00DD"
                ]
        },
        {
            "type": "bitmap",
            "file": "minecraft:ui/anarchycoin.png",
            "ascent": 10,
            "height": 12,
            "chars": [
                    "\u00E6"
                ]
        },
        {
            "type": "bitmap",
            "file": "minecraft:ui/anarchytoken.png",
            "ascent": 10,
            "height": 12,
            "chars": [
                    "\u00E7"
                ]
        },
        {
            "type": "bitmap",
            "file": "minecraft:ui/local_chat.png",
            "ascent": 7,
            "height": 7,
            "chars": [
                    "\u00CD"
                ]
        },
        {
            "type": "bitmap",
            "file": "minecraft:ui/vk_icon.png",
            "ascent": 7,
            "height": 7,
            "chars": [
                    "\u00CF"
                ]
        },
        {
            "type": "bitmap",
            "file": "minecraft:ui/shop_icon.png",
            "ascent": 7,
            "height": 7,
            "chars": [
                    "\u00E0"
                ]
        },
        {
            "type": "bitmap",
            "file": "minecraft:ui/forum_icon.png",
            "ascent": 7,
            "height": 7,
            "chars": [
                    "\u00E1"
                ]
        },
        {
            "type": "bitmap",
            "file": "minecraft:ui/global_chat.png",
            "ascent": 7,
            "height": 7,
            "chars": [
                    "\u00CE"
                ]
        },
        {
            "type": "bitmap",
            "file": "minecraft:ui/dev.png",
            "ascent": 9.5,
            "height": 13,
            "chars": [
                    "\u00DE"
                ]
        },
        {
            "type": "bitmap",
            "file": "minecraft:ui/player.png",
            "ascent": 10,
            "height": 13,
            "chars": [
                    "\u00DF"
                ]
        },
        {
            "type": "bitmap",
            "file": "minecraft:ui/donate.png",
            "ascent": 10,
            "height": 13,
            "chars": [
                    "\u00FF"
                ]
        }
    ]
}