{
    "providers": [
        {
            "type": "bitmap",
            "file": "minecraft:ui/boss.png",
            "ascent": 7,
            "height": 7,
            "chars": [
                    "\u0204"
                ]
        },
        {
            "type": "bitmap",
            "file": "minecraft:ui/opal.png",
            "ascent": 10,
            "height": 13,
            "chars": [
                    "\u00D5"
                ]
        },
        {
            "type": "bitmap",
            "file": "minecraft:ui/sapphire.png",
            "ascent": 10,
            "height": 13,
            "chars": [
                    "\u00D6"
                ]
        },
        {
            "type": "bitmap",
            "file": "minecraft:ui/topaz.png",
            "ascent": 10,
            "height": 13,
            "chars": [
                    "\u00D8"
                ]
        },
        {
            "type": "bitmap",
            "file": "minecraft:ui/moonstone.png",
            "ascent": 10,
            "height": 13,
            "chars": [
                    "\u00D9"
                ]
        },
        {
            "type": "bitmap",
            "file": "minecraft:ui/jade.png",
            "ascent": 10,
            "height": 13,
            "chars": [
                    "\u00DA"
                ]
        },
        {
            "type": "bitmap",
            "file": "minecraft:ui/titanium.png",
            "ascent": 10,
            "height": 13,
            "chars": [
                    "\u00DB"
                ]
        },
        {
            "type": "bitmap",
            "file": "minecraft:ui/mythril.png",
            "ascent": 10,
            "height": 13,
            "chars": [
                    "\u00DC"
                ]
        },
        {
            "type": "bitmap",
            "file": "minecraft:ui/admin.png",
            "ascent": 10,
            "height": 13,
            "chars": [
                    "\u00DD"
                ]
        },
        {
            "type": "bitmap",
            "file": "minecraft:ui/dev.png",
            "ascent": 10,
            "height": 13,
            "chars": [
                    "\u00DE"
                ]
        },
        {
            "type": "bitmap",
            "file": "minecraft:ui/player.png",
            "ascent": 10,
            "height": 13,
            "chars": [
                    "\u00DF"
                ]
        }
    ]
}