{"elements":[{"from":[0.85714245,3.856864,-4.0374804],"to":[15.142858,12.999722,7.391091],"rotation":{"angle":0.0,"axis":"y","origin":[8.0,16.694725,2.1672797]},"faces":{"east":{"uv":[0.0,3.6875,1.25,4.6875],"rotation":0,"texture":"#0","tintindex":0},"south":{"uv":[2.875,0.0,4.4375,1.0],"rotation":0,"texture":"#0","tintindex":0},"north":{"uv":[0.0,2.625,1.5625,3.625],"rotation":0,"texture":"#0","tintindex":0},"west":{"uv":[4.0625,2.9375,5.3125,3.9375],"rotation":0,"texture":"#0","tintindex":0},"up":{"uv":[1.5625,1.25,0.0,0.0],"rotation":0,"texture":"#0","tintindex":0},"down":{"uv":[1.5625,1.3125,0.0,2.5625],"rotation":0,"texture":"#0","tintindex":0}}},{"from":[2.5714283,4.4282923,7.391091],"to":[13.428572,12.428293,21.676807],"rotation":{"angle":0.0,"axis":"y","origin":[8.0,16.694725,2.1672797]},"faces":{"east":{"uv":[2.875,1.0625,4.4375,1.9375],"rotation":0,"texture":"#0","tintindex":0},"south":{"uv":[2.8125,4.1875,4.0,5.0625],"rotation":0,"texture":"#0","tintindex":0},"north":{"uv":[4.0625,4.0,5.25,4.875],"rotation":0,"texture":"#0","tintindex":0},"west":{"uv":[2.875,2.0,4.4375,2.875],"rotation":0,"texture":"#0","tintindex":0},"up":{"uv":[2.8125,1.5625,1.625,0.0],"rotation":0,"texture":"#0","tintindex":0},"down":{"uv":[2.8125,1.625,1.625,3.1875],"rotation":0,"texture":"#0","tintindex":0}}},{"from":[1.7142854,0.20902252,-3.841916],"to":[3.4285712,4.780452,-1.5562019],"rotation":{"angle":22.5,"axis":"x","origin":[8.0,16.694725,2.1672797]},"faces":{"east":{"uv":[0.6875,5.875,0.9375,6.375],"rotation":0,"texture":"#0","tintindex":0},"south":{"uv":[8.8125,13.5625,9.0,14.0625],"rotation":0,"texture":"#0","tintindex":0},"north":{"uv":[11.4375,7.9375,11.625,8.4375],"rotation":0,"texture":"#0","tintindex":0},"west":{"uv":[0.6875,6.4375,0.9375,6.9375],"rotation":0,"texture":"#0","tintindex":0},"up":{"uv":[8.5,9.5625,8.3125,9.3125],"rotation":0,"texture":"#0","tintindex":0},"down":{"uv":[9.875,2.6875,9.6875,2.9375],"rotation":0,"texture":"#0","tintindex":0}}},{"from":[1.1428566,10.484542,-10.569906],"to":[4.0,13.341684,-5.998478],"rotation":{"angle":-22.5,"axis":"x","origin":[8.0,16.694725,2.1672797]},"faces":{"east":{"uv":[10.0625,1.375,10.5625,1.6875],"rotation":0,"texture":"#0","tintindex":0},"south":{"uv":[3.375,13.625,3.6875,13.9375],"rotation":0,"texture":"#0","tintindex":0},"north":{"uv":[3.0,13.625,3.3125,13.9375],"rotation":0,"texture":"#0","tintindex":0},"west":{"uv":[11.375,1.75,11.875,2.0625],"rotation":0,"texture":"#0","tintindex":0},"up":{"uv":[11.0625,9.0,10.75,8.5],"rotation":0,"texture":"#0","tintindex":0},"down":{"uv":[13.5625,10.625,13.25,11.125],"rotation":0,"texture":"#0","tintindex":0}}},{"from":[2.2857141,6.4282928,-10.894623],"to":[7.428571,6.4282928,-4.0374804],"rotation":{"angle":0.0,"axis":"y","origin":[8.0,16.694725,2.1672797]},"faces":{"east":{"uv":[5.3125,4.875,6.0625,4.875],"rotation":0,"texture":"#0","tintindex":0},"south":{"uv":[6.8125,1.125,7.375,1.125],"rotation":0,"texture":"#0","tintindex":0},"north":{"uv":[4.5,2.875,5.0625,2.875],"rotation":0,"texture":"#0","tintindex":0},"west":{"uv":[6.8125,1.1875,7.5625,1.1875],"rotation":0,"texture":"#0","tintindex":0},"up":{"uv":[4.9375,12.5625,4.375,11.8125],"rotation":0,"texture":"#0","tintindex":0},"down":{"uv":[4.9375,11.8125,4.375,12.5625],"rotation":0,"texture":"#0","tintindex":0}}},{"from":[4.285714,12.428293,7.391091],"to":[4.285714,16.999722,21.676807],"rotation":{"angle":0.0,"axis":"y","origin":[8.0,16.694725,2.1672797]},"faces":{"east":{"uv":[7.75,5.8125,6.1875,6.3125],"rotation":0,"texture":"#0","tintindex":0},"south":{"uv":[3.25,7.625,3.25,8.125],"rotation":0,"texture":"#0","tintindex":0},"north":{"uv":[4.0,5.125,4.0,5.625],"rotation":0,"texture":"#0","tintindex":0},"west":{"uv":[6.1875,5.8125,7.75,6.3125],"rotation":0,"texture":"#0","tintindex":0},"up":{"uv":[1.0625,15.3125,1.0625,13.75],"rotation":0,"texture":"#0","tintindex":0},"down":{"uv":[1.125,13.75,1.125,15.3125],"rotation":0,"texture":"#0","tintindex":0}}},{"from":[2.5714283,12.999722,-4.0374804],"to":[2.5714283,16.999722,7.391091],"rotation":{"angle":0.0,"axis":"y","origin":[8.0,16.694725,2.1672797]},"faces":{"east":{"uv":[10.4375,3.9375,9.1875,4.375],"rotation":0,"texture":"#0","tintindex":0},"south":{"uv":[7.75,5.3125,7.75,5.75],"rotation":0,"texture":"#0","tintindex":0},"north":{"uv":[3.3125,7.625,3.3125,8.0625],"rotation":0,"texture":"#0","tintindex":0},"west":{"uv":[9.1875,3.9375,10.4375,4.375],"rotation":0,"texture":"#0","tintindex":0},"up":{"uv":[1.1875,15.0,1.1875,13.75],"rotation":0,"texture":"#0","tintindex":0},"down":{"uv":[1.25,13.75,1.25,15.0],"rotation":0,"texture":"#0","tintindex":0}}},{"from":[12.571428,0.20902252,-3.841916],"to":[14.285715,4.780452,-1.5562019],"rotation":{"angle":22.5,"axis":"x","origin":[8.0,16.694725,2.1672797]},"faces":{"east":{"uv":[0.9375,6.4375,0.6875,6.9375],"rotation":0,"texture":"#0","tintindex":0},"south":{"uv":[9.0,13.5625,8.8125,14.0625],"rotation":0,"texture":"#0","tintindex":0},"north":{"uv":[11.625,7.9375,11.4375,8.4375],"rotation":0,"texture":"#0","tintindex":0},"west":{"uv":[0.9375,5.875,0.6875,6.375],"rotation":0,"texture":"#0","tintindex":0},"up":{"uv":[8.3125,9.5625,8.5,9.3125],"rotation":0,"texture":"#0","tintindex":0},"down":{"uv":[9.6875,2.6875,9.875,2.9375],"rotation":0,"texture":"#0","tintindex":0}}},{"from":[12.0,10.484542,-10.569906],"to":[14.857143,13.341684,-5.998478],"rotation":{"angle":-22.5,"axis":"x","origin":[8.0,16.694725,2.1672797]},"faces":{"east":{"uv":[11.875,1.75,11.375,2.0625],"rotation":0,"texture":"#0","tintindex":0},"south":{"uv":[3.6875,13.625,3.375,13.9375],"rotation":0,"texture":"#0","tintindex":0},"north":{"uv":[3.3125,13.625,3.0,13.9375],"rotation":0,"texture":"#0","tintindex":0},"west":{"uv":[10.5625,1.375,10.0625,1.6875],"rotation":0,"texture":"#0","tintindex":0},"up":{"uv":[10.75,9.0,11.0625,8.5],"rotation":0,"texture":"#0","tintindex":0},"down":{"uv":[13.25,10.625,13.5625,11.125],"rotation":0,"texture":"#0","tintindex":0}}},{"from":[8.571428,6.4282928,-10.894623],"to":[13.714286,6.4282928,-4.0374804],"rotation":{"angle":0.0,"axis":"y","origin":[8.0,16.694725,2.1672797]},"faces":{"east":{"uv":[7.5625,1.1875,6.8125,1.1875],"rotation":0,"texture":"#0","tintindex":0},"south":{"uv":[7.375,1.125,6.8125,1.125],"rotation":0,"texture":"#0","tintindex":0},"north":{"uv":[5.0625,2.875,4.5,2.875],"rotation":0,"texture":"#0","tintindex":0},"west":{"uv":[6.0625,4.875,5.3125,4.875],"rotation":0,"texture":"#0","tintindex":0},"up":{"uv":[4.375,12.5625,4.9375,11.8125],"rotation":0,"texture":"#0","tintindex":0},"down":{"uv":[4.375,11.8125,4.9375,12.5625],"rotation":0,"texture":"#0","tintindex":0}}},{"from":[13.428572,12.999722,-4.0374804],"to":[13.428572,16.999722,7.391091],"rotation":{"angle":0.0,"axis":"y","origin":[8.0,16.694725,2.1672797]},"faces":{"east":{"uv":[10.4375,3.9375,9.1875,4.375],"rotation":0,"texture":"#0","tintindex":0},"south":{"uv":[7.75,5.3125,7.75,5.75],"rotation":0,"texture":"#0","tintindex":0},"north":{"uv":[3.3125,7.625,3.3125,8.0625],"rotation":0,"texture":"#0","tintindex":0},"west":{"uv":[9.1875,3.9375,10.4375,4.375],"rotation":0,"texture":"#0","tintindex":0},"up":{"uv":[1.1875,15.0,1.1875,13.75],"rotation":0,"texture":"#0","tintindex":0},"down":{"uv":[1.25,13.75,1.25,15.0],"rotation":0,"texture":"#0","tintindex":0}}},{"from":[11.714286,12.428293,7.391091],"to":[11.714286,16.999722,21.676807],"rotation":{"angle":0.0,"axis":"y","origin":[8.0,16.694725,2.1672797]},"faces":{"east":{"uv":[7.75,5.8125,6.1875,6.3125],"rotation":0,"texture":"#0","tintindex":0},"south":{"uv":[3.25,7.625,3.25,8.125],"rotation":0,"texture":"#0","tintindex":0},"north":{"uv":[4.0,5.125,4.0,5.625],"rotation":0,"texture":"#0","tintindex":0},"west":{"uv":[6.1875,5.8125,7.75,6.3125],"rotation":0,"texture":"#0","tintindex":0},"up":{"uv":[1.0625,15.3125,1.0625,13.75],"rotation":0,"texture":"#0","tintindex":0},"down":{"uv":[1.125,13.75,1.125,15.3125],"rotation":0,"texture":"#0","tintindex":0}}}],"textures":{"0":"modelengine:entity/scorpion_king"},"display":{"head":{"translation":[0.0,-6.4,0.0],"scale":[4.0,4.0,4.0]}}}