{"elements":[{"from":[2.8571424,4.320395,3.9861078],"to":[13.142858,11.748966,11.41468],"rotation":{"angle":22.5,"axis":"x","origin":[8.0,15.043533,9.776025]},"faces":{"east":{"uv":[4.75,7.1875,5.5625,8.0],"rotation":0,"texture":"#0","tintindex":0},"south":{"uv":[2.1875,5.125,3.3125,5.9375],"rotation":0,"texture":"#0","tintindex":0},"north":{"uv":[4.0625,4.9375,5.1875,5.75],"rotation":0,"texture":"#0","tintindex":0},"west":{"uv":[6.875,7.1875,7.6875,8.0],"rotation":0,"texture":"#0","tintindex":0},"up":{"uv":[6.375,5.75,5.25,4.9375],"rotation":0,"texture":"#0","tintindex":0},"down":{"uv":[6.4375,4.0,5.3125,4.8125],"rotation":0,"texture":"#0","tintindex":0}}},{"from":[8.675418,8.059227,-7.3710537],"to":[14.389704,8.059227,2.3432326],"rotation":{"angle":-45.0,"axis":"y","origin":[8.0,8.059227,1.0186496]},"faces":{"east":{"uv":[14.6875,1.875,13.625,1.875],"rotation":0,"texture":"#0","tintindex":0},"south":{"uv":[8.0625,1.25,7.4375,1.25],"rotation":0,"texture":"#0","tintindex":0},"north":{"uv":[8.0625,1.125,7.4375,1.125],"rotation":0,"texture":"#0","tintindex":0},"west":{"uv":[14.5625,3.0,13.5,3.0],"rotation":0,"texture":"#0","tintindex":0},"up":{"uv":[0.6875,8.1875,1.3125,7.125],"rotation":0,"texture":"#0","tintindex":0},"down":{"uv":[0.6875,7.125,1.3125,8.1875],"rotation":0,"texture":"#0","tintindex":0}}},{"from":[1.6102967,8.059227,-7.3710537],"to":[7.3245826,8.059227,2.3432326],"rotation":{"angle":45.0,"axis":"y","origin":[8.0,8.059227,1.0186496]},"faces":{"east":{"uv":[13.5,3.0,14.5625,3.0],"rotation":0,"texture":"#0","tintindex":0},"south":{"uv":[7.4375,1.25,8.0625,1.25],"rotation":0,"texture":"#0","tintindex":0},"north":{"uv":[7.4375,1.125,8.0625,1.125],"rotation":0,"texture":"#0","tintindex":0},"west":{"uv":[13.625,1.875,14.6875,1.875],"rotation":0,"texture":"#0","tintindex":0},"up":{"uv":[1.3125,8.1875,0.6875,7.125],"rotation":0,"texture":"#0","tintindex":0},"down":{"uv":[1.3125,7.125,0.6875,8.1875],"rotation":0,"texture":"#0","tintindex":0}}},{"from":[1.7142854,10.634243,1.2855501],"to":[6.857143,11.777101,2.4284072],"rotation":{"angle":-22.5,"axis":"z","origin":[4.8571424,11.348529,1.8569784]},"faces":{"east":{"uv":[8.9375,15.375,9.0625,15.5],"rotation":0,"texture":"#0","tintindex":0},"south":{"uv":[9.6875,15.0,9.125,15.125],"rotation":0,"texture":"#0","tintindex":0},"north":{"uv":[9.125,15.0,9.6875,15.125],"rotation":0,"texture":"#0","tintindex":0},"west":{"uv":[8.875,15.0,9.0,15.125],"rotation":0,"texture":"#0","tintindex":0},"up":{"uv":[9.6875,15.0,9.125,15.125],"rotation":0,"texture":"#0","tintindex":0},"down":{"uv":[9.6875,15.0,9.125,15.125],"rotation":0,"texture":"#0","tintindex":0}}},{"from":[9.142858,10.634243,1.2855501],"to":[14.285715,11.777101,2.4284072],"rotation":{"angle":22.5,"axis":"z","origin":[11.142858,11.348529,1.8569784]},"faces":{"east":{"uv":[9.0,15.0,8.875,15.125],"rotation":0,"texture":"#0","tintindex":0},"south":{"uv":[9.125,15.0,9.6875,15.125],"rotation":0,"texture":"#0","tintindex":0},"north":{"uv":[9.6875,15.0,9.125,15.125],"rotation":0,"texture":"#0","tintindex":0},"west":{"uv":[9.0625,15.375,8.9375,15.5],"rotation":0,"texture":"#0","tintindex":0},"up":{"uv":[9.125,15.0,9.6875,15.125],"rotation":0,"texture":"#0","tintindex":0},"down":{"uv":[9.125,15.0,9.6875,15.125],"rotation":0,"texture":"#0","tintindex":0}}},{"from":[10.943084,13.39501,2.7739916],"to":[13.800226,16.823582,5.6311345],"rotation":{"angle":-22.5,"axis":"z","origin":[8.0,15.043533,9.776025]},"faces":{"east":{"uv":[13.4375,13.375,13.75,13.75],"rotation":0,"texture":"#0","tintindex":0},"south":{"uv":[13.5,0.375,13.8125,0.75],"rotation":0,"texture":"#0","tintindex":0},"north":{"uv":[13.4375,12.9375,13.75,13.3125],"rotation":0,"texture":"#0","tintindex":0},"west":{"uv":[13.5,0.8125,13.8125,1.1875],"rotation":0,"texture":"#0","tintindex":0},"up":{"uv":[13.9375,1.8125,13.625,1.5],"rotation":0,"texture":"#0","tintindex":0},"down":{"uv":[2.9375,13.625,2.625,13.9375],"rotation":0,"texture":"#0","tintindex":0}}},{"from":[11.409084,11.984449,3.34542],"to":[16.55194,13.698735,5.0597057],"rotation":{"angle":22.5,"axis":"z","origin":[8.0,15.043533,9.776025]},"faces":{"east":{"uv":[9.3125,9.6875,9.5,9.875],"rotation":0,"texture":"#0","tintindex":0},"south":{"uv":[13.5,2.75,14.0625,2.9375],"rotation":0,"texture":"#0","tintindex":0},"north":{"uv":[13.5,1.25,14.0625,1.4375],"rotation":0,"texture":"#0","tintindex":0},"west":{"uv":[4.0,10.5625,4.1875,10.75],"rotation":0,"texture":"#0","tintindex":0},"up":{"uv":[12.75,13.6875,12.1875,13.5],"rotation":0,"texture":"#0","tintindex":0},"down":{"uv":[13.375,13.5,12.8125,13.6875],"rotation":0,"texture":"#0","tintindex":0}}},{"from":[14.928726,19.143959,3.6311345],"to":[16.071583,23.143959,4.7739916],"rotation":{"angle":-22.5,"axis":"z","origin":[8.0,15.043533,9.776025]},"faces":{"east":{"uv":[4.125,13.625,4.25,14.0625],"rotation":0,"texture":"#0","tintindex":0},"south":{"uv":[8.1875,13.6875,8.3125,14.125],"rotation":0,"texture":"#0","tintindex":0},"north":{"uv":[10.25,13.5625,10.375,14.0],"rotation":0,"texture":"#0","tintindex":0},"west":{"uv":[0.75,13.75,0.875,14.1875],"rotation":0,"texture":"#0","tintindex":0},"up":{"uv":[6.75,2.0,6.625,1.875],"rotation":0,"texture":"#0","tintindex":0},"down":{"uv":[3.0,6.625,2.875,6.75],"rotation":0,"texture":"#0","tintindex":0}}},{"from":[-0.5519419,11.984449,3.34542],"to":[4.5909157,13.698735,5.0597057],"rotation":{"angle":-22.5,"axis":"z","origin":[8.0,15.043533,9.776025]},"faces":{"east":{"uv":[4.1875,10.5625,4.0,10.75],"rotation":0,"texture":"#0","tintindex":0},"south":{"uv":[14.0625,2.75,13.5,2.9375],"rotation":0,"texture":"#0","tintindex":0},"north":{"uv":[14.0625,1.25,13.5,1.4375],"rotation":0,"texture":"#0","tintindex":0},"west":{"uv":[9.5,9.6875,9.3125,9.875],"rotation":0,"texture":"#0","tintindex":0},"up":{"uv":[12.1875,13.6875,12.75,13.5],"rotation":0,"texture":"#0","tintindex":0},"down":{"uv":[12.8125,13.5,13.375,13.6875],"rotation":0,"texture":"#0","tintindex":0}}},{"from":[2.1997733,13.39501,2.7739916],"to":[5.056916,16.823582,5.6311345],"rotation":{"angle":22.5,"axis":"z","origin":[8.0,15.043533,9.776025]},"faces":{"east":{"uv":[13.8125,0.8125,13.5,1.1875],"rotation":0,"texture":"#0","tintindex":0},"south":{"uv":[13.8125,0.375,13.5,0.75],"rotation":0,"texture":"#0","tintindex":0},"north":{"uv":[13.75,12.9375,13.4375,13.3125],"rotation":0,"texture":"#0","tintindex":0},"west":{"uv":[13.75,13.375,13.4375,13.75],"rotation":0,"texture":"#0","tintindex":0},"up":{"uv":[13.625,1.8125,13.9375,1.5],"rotation":0,"texture":"#0","tintindex":0},"down":{"uv":[2.625,13.625,2.9375,13.9375],"rotation":0,"texture":"#0","tintindex":0}}},{"from":[-0.07158375,19.143959,3.6311345],"to":[1.0712733,23.143959,4.7739916],"rotation":{"angle":22.5,"axis":"z","origin":[8.0,15.043533,9.776025]},"faces":{"east":{"uv":[0.875,13.75,0.75,14.1875],"rotation":0,"texture":"#0","tintindex":0},"south":{"uv":[8.3125,13.6875,8.1875,14.125],"rotation":0,"texture":"#0","tintindex":0},"north":{"uv":[10.375,13.5625,10.25,14.0],"rotation":0,"texture":"#0","tintindex":0},"west":{"uv":[4.25,13.625,4.125,14.0625],"rotation":0,"texture":"#0","tintindex":0},"up":{"uv":[6.625,2.0,6.75,1.875],"rotation":0,"texture":"#0","tintindex":0},"down":{"uv":[2.875,6.625,3.0,6.75],"rotation":0,"texture":"#0","tintindex":0}}}],"textures":{"0":"modelengine:entity/scorpion_king"},"display":{"head":{"translation":[0.0,-6.4,0.0],"scale":[4.0,4.0,4.0]}}}