{"elements":[{"from":[-5.2664347,11.746094,5.428571],"to":[3.876423,16.88895,10.571428],"rotation":{"angle":45.0,"axis":"z","origin":[13.322729,16.18824,6.490474]},"faces":{"east":{"uv":[5.375,12.4375,5.9375,13.0],"rotation":0,"texture":"#0","tintindex":0},"south":{"uv":[8.3125,1.8125,9.3125,2.375],"rotation":0,"texture":"#0","tintindex":0},"north":{"uv":[8.25,1.1875,9.25,1.75],"rotation":0,"texture":"#0","tintindex":0},"west":{"uv":[12.4375,7.5,13.0,8.0625],"rotation":0,"texture":"#0","tintindex":0},"up":{"uv":[4.25,8.875,3.25,8.3125],"rotation":0,"texture":"#0","tintindex":0},"down":{"uv":[5.3125,8.3125,4.3125,8.875],"rotation":0,"texture":"#0","tintindex":0}}}],"textures":{"0":"modelengine:entity/scorpion_king"},"display":{"head":{"translation":[0.0,-6.4,0.0],"scale":[4.0,4.0,4.0]}}}