{"elements":[{"from":[8.47512,6.285714,7.5972204],"to":[21.617977,9.714286,11.025792],"rotation":{"angle":22.5,"axis":"y","origin":[4.619275,16.266434,10.292942]},"faces":{"east":{"uv":[1.875,10.75,1.5,11.125],"rotation":0,"texture":"#0","tintindex":0},"south":{"uv":[4.3125,9.5625,2.875,9.9375],"rotation":0,"texture":"#0","tintindex":0},"north":{"uv":[1.4375,9.5,0.0,9.875],"rotation":0,"texture":"#0","tintindex":0},"west":{"uv":[5.25,9.5625,4.875,9.9375],"rotation":0,"texture":"#0","tintindex":0},"up":{"uv":[9.625,9.4375,11.0625,9.0625],"rotation":0,"texture":"#0","tintindex":0},"down":{"uv":[9.625,9.5,11.0625,9.875],"rotation":0,"texture":"#0","tintindex":0}}}],"textures":{"0":"modelengine:entity/scorpion_king"},"display":{"head":{"translation":[0.0,-6.4,0.0],"scale":[4.0,4.0,4.0]}}}