{"elements":[{"from":[3.7142854,-0.93577385,3.5716858],"to":[12.285715,5.9213696,13.285972],"rotation":{"angle":-22.5,"axis":"x","origin":[8.0,15.807459,-8.105965]},"faces":{"east":{"uv":[5.5,1.3125,6.5625,2.0625],"rotation":0,"texture":"#0","tintindex":0},"south":{"uv":[6.875,6.375,7.8125,7.125],"rotation":0,"texture":"#0","tintindex":0},"north":{"uv":[2.375,6.8125,3.3125,7.5625],"rotation":0,"texture":"#0","tintindex":0},"west":{"uv":[1.75,6.0,2.8125,6.75],"rotation":0,"texture":"#0","tintindex":0},"up":{"uv":[5.4375,2.375,4.5,1.3125],"rotation":0,"texture":"#0","tintindex":0},"down":{"uv":[0.9375,4.75,0.0,5.8125],"rotation":0,"texture":"#0","tintindex":0}}},{"from":[8.0,5.9213696,3.5716858],"to":[8.0,11.064227,13.285972],"rotation":{"angle":-22.5,"axis":"x","origin":[8.0,15.807459,-8.105965]},"faces":{"east":{"uv":[7.5625,8.0625,6.5,8.625],"rotation":0,"texture":"#0","tintindex":0},"south":{"uv":[10.875,0.0,10.875,0.5625],"rotation":0,"texture":"#0","tintindex":0},"north":{"uv":[10.8125,0.0,10.8125,0.5625],"rotation":0,"texture":"#0","tintindex":0},"west":{"uv":[6.5,8.0625,7.5625,8.625],"rotation":0,"texture":"#0","tintindex":0},"up":{"uv":[1.3125,14.8125,1.3125,13.75],"rotation":0,"texture":"#0","tintindex":0},"down":{"uv":[1.375,13.75,1.375,14.8125],"rotation":0,"texture":"#0","tintindex":0}}}],"textures":{"0":"modelengine:entity/scorpion_king"},"display":{"head":{"translation":[0.0,-6.4,0.0],"scale":[4.0,4.0,4.0]}}}