{"elements":[{"from":[-12.567772,7.008183,-11.748573],"to":[27.748573,7.008183,28.567772],"rotation":{"angle":0.0,"axis":"y","origin":[8.365714,13.869715,7.634286]},"faces":{"east":{"uv":[9.0,7.25,15.5,7.25],"rotation":0,"texture":"#0","tintindex":0},"south":{"uv":[9.0,7.5,15.5,7.5],"rotation":0,"texture":"#0","tintindex":0},"north":{"uv":[9.0,7.0,15.5,7.0],"rotation":0,"texture":"#0","tintindex":0},"west":{"uv":[9.0,7.75,15.5,7.75],"rotation":0,"texture":"#0","tintindex":0},"up":{"uv":[6.5,6.5,0.0,0.0],"rotation":0,"texture":"#0","tintindex":0},"down":{"uv":[6.5,6.75,0.0,13.25],"rotation":0,"texture":"#0","tintindex":0}}}],"textures":{"0":"modelengine:entity/poison_puddle"},"display":{"head":{"translation":[0.0,-6.4,0.0],"scale":[4.0,4.0,4.0]}}}