{"elements":[{"from":[1.8774853,1.8750854,7.92],"to":[14.282515,14.280115,7.92],"rotation":{"angle":0.0,"axis":"y","origin":[7.3046856,10.287246,2.4927998]},"faces":{"east":{"uv":[9.0,4.5,9.0,6.5],"rotation":0,"texture":"#0","tintindex":0},"south":{"uv":[6.75,2.25,8.75,4.25],"rotation":0,"texture":"#0","tintindex":0},"north":{"uv":[8.75,2.25,6.75,4.25],"rotation":0,"texture":"#0","tintindex":0},"west":{"uv":[6.75,9.0,6.75,11.0],"rotation":0,"texture":"#0","tintindex":0},"up":{"uv":[11.0,6.75,9.0,6.75],"rotation":0,"texture":"#0","tintindex":0},"down":{"uv":[9.0,9.0,7.0,9.0],"rotation":0,"texture":"#0","tintindex":0}}},{"from":[8.08,1.8750854,1.7174854],"to":[8.08,14.280115,14.122515],"rotation":{"angle":0.0,"axis":"y","origin":[13.5072,10.287246,7.1446857]},"faces":{"east":{"uv":[8.75,2.25,6.75,4.25],"rotation":0,"texture":"#0","tintindex":0},"south":{"uv":[9.0,4.5,9.0,6.5],"rotation":0,"texture":"#0","tintindex":0},"north":{"uv":[6.75,9.0,6.75,11.0],"rotation":0,"texture":"#0","tintindex":0},"west":{"uv":[6.75,2.25,8.75,4.25],"rotation":0,"texture":"#0","tintindex":0},"up":{"uv":[11.0,6.75,9.0,6.75],"rotation":90,"texture":"#0","tintindex":0},"down":{"uv":[9.0,9.0,7.0,9.0],"rotation":270,"texture":"#0","tintindex":0}}}],"textures":{"0":"modelengine:entity/poison_puddle"},"display":{"head":{"translation":[0.0,-6.4,0.0],"scale":[4.0,4.0,4.0]}}}