{"elements":[{"from":[1.8774853,1.8750854,7.92],"to":[14.282515,14.280115,7.92],"rotation":{"angle":0.0,"axis":"y","origin":[15.057829,11.837874,11.796572]},"faces":{"east":{"uv":[9.25,4.5,9.25,6.5],"rotation":0,"texture":"#0","tintindex":0},"south":{"uv":[6.75,6.75,8.75,8.75],"rotation":0,"texture":"#0","tintindex":0},"north":{"uv":[8.75,6.75,6.75,8.75],"rotation":0,"texture":"#0","tintindex":0},"west":{"uv":[7.0,9.25,7.0,11.25],"rotation":0,"texture":"#0","tintindex":0},"up":{"uv":[11.0,8.0,9.0,8.0],"rotation":0,"texture":"#0","tintindex":0},"down":{"uv":[11.0,8.25,9.0,8.25],"rotation":0,"texture":"#0","tintindex":0}}},{"from":[8.08,1.8750854,1.7174854],"to":[8.08,14.280115,14.122515],"rotation":{"angle":0.0,"axis":"y","origin":[4.2034283,11.837874,14.897829]},"faces":{"east":{"uv":[8.75,6.75,6.75,8.75],"rotation":0,"texture":"#0","tintindex":0},"south":{"uv":[9.25,4.5,9.25,6.5],"rotation":0,"texture":"#0","tintindex":0},"north":{"uv":[7.0,9.25,7.0,11.25],"rotation":0,"texture":"#0","tintindex":0},"west":{"uv":[6.75,6.75,8.75,8.75],"rotation":0,"texture":"#0","tintindex":0},"up":{"uv":[11.0,8.0,9.0,8.0],"rotation":90,"texture":"#0","tintindex":0},"down":{"uv":[11.0,8.25,9.0,8.25],"rotation":270,"texture":"#0","tintindex":0}}}],"textures":{"0":"modelengine:entity/poison_puddle"},"display":{"head":{"translation":[0.0,-6.4,0.0],"scale":[4.0,4.0,4.0]}}}