{"parent":"minecraft:item/generated","textures":{"layer0":"minecraft:item/leather_horse_armor"},"overrides":[{"predicate":{"custom_model_data":1},"model":"modelengine:poison_puddle/bubble1"},{"predicate":{"custom_model_data":2},"model":"modelengine:poison_puddle/bubble2"},{"predicate":{"custom_model_data":3},"model":"modelengine:poison_puddle/bubble3"},{"predicate":{"custom_model_data":4},"model":"modelengine:poison_puddle/body"},{"predicate":{"custom_model_data":5},"model":"modelengine:scorpion_baby/body"},{"predicate":{"custom_model_data":6},"model":"modelengine:scorpion_baby/tail"},{"predicate":{"custom_model_data":7},"model":"modelengine:scorpion_baby/tail3"},{"predicate":{"custom_model_data":8},"model":"modelengine:scorpion_baby/tail5"},{"predicate":{"custom_model_data":9},"model":"modelengine:scorpion_baby/left_first_leg"},{"predicate":{"custom_model_data":10},"model":"modelengine:scorpion_baby/left_first_ankle"},{"predicate":{"custom_model_data":11},"model":"modelengine:scorpion_baby/left_first_foot"},{"predicate":{"custom_model_data":12},"model":"modelengine:scorpion_baby/right_first_leg"},{"predicate":{"custom_model_data":13},"model":"modelengine:scorpion_baby/right_first_ankle"},{"predicate":{"custom_model_data":14},"model":"modelengine:scorpion_baby/right_first_foot"},{"predicate":{"custom_model_data":15},"model":"modelengine:scorpion_baby/left_second_leg"},{"predicate":{"custom_model_data":16},"model":"modelengine:scorpion_baby/left_second_ankle"},{"predicate":{"custom_model_data":17},"model":"modelengine:scorpion_baby/left_second_foot"},{"predicate":{"custom_model_data":18},"model":"modelengine:scorpion_baby/right_second_leg"},{"predicate":{"custom_model_data":19},"model":"modelengine:scorpion_baby/right_second_ankle"},{"predicate":{"custom_model_data":20},"model":"modelengine:scorpion_baby/right_second_foot"},{"predicate":{"custom_model_data":21},"model":"modelengine:scorpion_baby/left_third_leg"},{"predicate":{"custom_model_data":22},"model":"modelengine:scorpion_baby/left_third_ankle"},{"predicate":{"custom_model_data":23},"model":"modelengine:scorpion_baby/left_third_foot"},{"predicate":{"custom_model_data":24},"model":"modelengine:scorpion_baby/right_third_leg"},{"predicate":{"custom_model_data":25},"model":"modelengine:scorpion_baby/right_third_ankle"},{"predicate":{"custom_model_data":26},"model":"modelengine:scorpion_baby/right_third_foot"},{"predicate":{"custom_model_data":27},"model":"modelengine:scorpion_baby/left_arm"},{"predicate":{"custom_model_data":28},"model":"modelengine:scorpion_baby/left_wrist"},{"predicate":{"custom_model_data":29},"model":"modelengine:scorpion_baby/right_arm"},{"predicate":{"custom_model_data":30},"model":"modelengine:scorpion_baby/right_wrist"},{"predicate":{"custom_model_data":31},"model":"modelengine:scorpion_king/body"},{"predicate":{"custom_model_data":32},"model":"modelengine:scorpion_king/left_arm"},{"predicate":{"custom_model_data":33},"model":"modelengine:scorpion_king/left_wrist"},{"predicate":{"custom_model_data":34},"model":"modelengine:scorpion_king/left_small_claw"},{"predicate":{"custom_model_data":35},"model":"modelengine:scorpion_king/left_claw"},{"predicate":{"custom_model_data":36},"model":"modelengine:scorpion_king/right_arm"},{"predicate":{"custom_model_data":37},"model":"modelengine:scorpion_king/right_wrist"},{"predicate":{"custom_model_data":38},"model":"modelengine:scorpion_king/right_small_claw"},{"predicate":{"custom_model_data":39},"model":"modelengine:scorpion_king/right_claw"},{"predicate":{"custom_model_data":40},"model":"modelengine:scorpion_king/left_first_leg"},{"predicate":{"custom_model_data":41},"model":"modelengine:scorpion_king/left_first_ankle"},{"predicate":{"custom_model_data":42},"model":"modelengine:scorpion_king/left_first_foot"},{"predicate":{"custom_model_data":43},"model":"modelengine:scorpion_king/right_first_leg"},{"predicate":{"custom_model_data":44},"model":"modelengine:scorpion_king/right_first_ankle"},{"predicate":{"custom_model_data":45},"model":"modelengine:scorpion_king/right_first_foot"},{"predicate":{"custom_model_data":46},"model":"modelengine:scorpion_king/left_second_leg"},{"predicate":{"custom_model_data":47},"model":"modelengine:scorpion_king/left_second_ankle"},{"predicate":{"custom_model_data":48},"model":"modelengine:scorpion_king/left_second_foot"},{"predicate":{"custom_model_data":49},"model":"modelengine:scorpion_king/right_second_leg"},{"predicate":{"custom_model_data":50},"model":"modelengine:scorpion_king/right_second_ankle"},{"predicate":{"custom_model_data":51},"model":"modelengine:scorpion_king/right_second_foot"},{"predicate":{"custom_model_data":52},"model":"modelengine:scorpion_king/left_third_leg"},{"predicate":{"custom_model_data":53},"model":"modelengine:scorpion_king/left_third_ankle"},{"predicate":{"custom_model_data":54},"model":"modelengine:scorpion_king/left_third_foot"},{"predicate":{"custom_model_data":55},"model":"modelengine:scorpion_king/right_third_leg"},{"predicate":{"custom_model_data":56},"model":"modelengine:scorpion_king/right_third_ankle"},{"predicate":{"custom_model_data":57},"model":"modelengine:scorpion_king/right_third_foot"},{"predicate":{"custom_model_data":58},"model":"modelengine:scorpion_king/tail"},{"predicate":{"custom_model_data":59},"model":"modelengine:scorpion_king/tail2"},{"predicate":{"custom_model_data":60},"model":"modelengine:scorpion_king/tail3"},{"predicate":{"custom_model_data":61},"model":"modelengine:scorpion_king/tail4"},{"predicate":{"custom_model_data":62},"model":"modelengine:scorpion_king/tail5"},{"predicate":{"custom_model_data":63},"model":"modelengine:scorpion_king/head"}]}