{"__comment":"Designed by Milkyway705 with Cubik Studio - https://cubik.studio","textures":{"texture":"ui/case1.png"},"elements":[{"__comment":"Box1","from":[-2,0,1],"to":[18,10,15],"faces":{"down":{"uv":[8.5,0,13.5,3.5],"texture":"#texture"},"up":{"uv":[3.5,0,8.5,3.5],"texture":"#texture"},"north":{"uv":[3.5,3.5,8.5,6],"texture":"#texture"},"south":{"uv":[0,11,5,13.5],"texture":"#texture"},"west":{"uv":[0,3.5,3.5,6],"texture":"#texture"},"east":{"uv":[8.5,3.5,12,6],"texture":"#texture"}}},{"__comment":"Box2","from":[-2,10,1],"to":[18,16,15],"faces":{"down":{"uv":[8.5,6,13.5,9.5],"texture":"#texture"},"up":{"uv":[3.5,6,8.5,9.5],"texture":"#texture"},"north":{"uv":[3.5,9.5,8.5,11],"texture":"#texture"},"south":{"uv":[3.5,14.5,8.5,16],"texture":"#texture"},"west":{"uv":[8.5,9.5,12,11],"texture":"#texture"},"east":{"uv":[0,9.5,3.5,11],"texture":"#texture"}}},{"__comment":"Box3","from":[6,8,0],"to":[10,12,1],"faces":{"down":{"uv":[10.5,12,8.5,12.5],"texture":"#texture"},"up":{"uv":[8.5,12,6.5,12.5],"texture":"#texture"},"north":{"uv":[6.5,12.5,8.5,14.5],"texture":"#texture"},"south":{"uv":[6.5,12.5,8.5,14.5],"texture":"#texture"},"west":{"uv":[9,12.5,9.5,14.5],"texture":"#texture"},"east":{"uv":[5.5,12.5,6,14.5],"texture":"#texture"}}}],"display":{"fixed":{"rotation":[-90,0,0],"translation":[0,0,-42],"scale":[2,2,2]}}}