{"elements":[{"from":[6.190476,6.8519726,5.81816],"to":[10.190476,9.709116,10.389589],"rotation":{"angle":0.0,"axis":"y","origin":[7.904762,8.280544,7.81816]},"faces":{"east":{"uv":[0.0,2.25,2.0,3.5],"rotation":0,"texture":"#0","tintindex":0},"south":{"uv":[2.0,3.75,3.75,5.0],"rotation":0,"texture":"#0","tintindex":0},"north":{"uv":[0.0,3.75,1.75,5.0],"rotation":0,"texture":"#0","tintindex":0},"west":{"uv":[2.25,2.25,4.25,3.5],"rotation":0,"texture":"#0","tintindex":0},"up":{"uv":[1.75,2.0,0.0,0.0],"rotation":0,"texture":"#0","tintindex":0},"down":{"uv":[3.75,0.0,2.0,2.0],"rotation":0,"texture":"#0","tintindex":0}}},{"from":[6.7619047,8.137687,3.9610171],"to":[9.619047,10.99483,6.2467318],"rotation":{"angle":22.5,"axis":"x","origin":[8.190476,8.280544,3.2467318]},"faces":{"east":{"uv":[4.5,5.5,5.5,6.75],"rotation":0,"texture":"#0","tintindex":0},"south":{"uv":[5.5,0.0,6.75,1.25],"rotation":0,"texture":"#0","tintindex":0},"north":{"uv":[1.5,5.25,2.75,6.5],"rotation":0,"texture":"#0","tintindex":0},"west":{"uv":[5.75,5.0,6.75,6.25],"rotation":0,"texture":"#0","tintindex":0},"up":{"uv":[7.25,2.5,6.0,1.5],"rotation":0,"texture":"#0","tintindex":0},"down":{"uv":[7.0,6.5,5.75,7.5],"rotation":0,"texture":"#0","tintindex":0}}},{"from":[6.4761906,10.219179,4.856571],"to":[7.047619,11.362036,5.4279995],"rotation":{"angle":22.5,"axis":"z","origin":[7.047619,10.933465,5.4279995]},"faces":{"east":{"uv":[4.0,13.0,4.25,13.5],"rotation":0,"texture":"#0","tintindex":0},"south":{"uv":[13.0,4.0,13.25,4.5],"rotation":0,"texture":"#0","tintindex":0},"north":{"uv":[3.5,13.0,3.75,13.5],"rotation":0,"texture":"#0","tintindex":0},"west":{"uv":[5.25,13.0,5.5,13.5],"rotation":0,"texture":"#0","tintindex":0},"up":{"uv":[13.25,8.0,13.0,7.75],"rotation":0,"texture":"#0","tintindex":0},"down":{"uv":[13.25,8.25,13.0,8.5],"rotation":0,"texture":"#0","tintindex":0}}},{"from":[9.333333,10.219179,4.856571],"to":[9.904762,11.362036,5.4279995],"rotation":{"angle":-22.5,"axis":"z","origin":[9.333333,10.933465,5.4279995]},"faces":{"east":{"uv":[13.0,5.75,13.25,6.25],"rotation":0,"texture":"#0","tintindex":0},"south":{"uv":[6.25,13.0,6.5,13.5],"rotation":0,"texture":"#0","tintindex":0},"north":{"uv":[5.75,13.0,6.0,13.5],"rotation":0,"texture":"#0","tintindex":0},"west":{"uv":[6.75,13.0,7.0,13.5],"rotation":0,"texture":"#0","tintindex":0},"up":{"uv":[9.75,13.25,9.5,13.0],"rotation":0,"texture":"#0","tintindex":0},"down":{"uv":[10.25,13.0,10.0,13.25],"rotation":0,"texture":"#0","tintindex":0}}},{"from":[9.333333,7.150952,4.048904],"to":[10.476191,8.293809,5.76319],"rotation":{"angle":-22.5,"axis":"y","origin":[9.047619,8.293809,4.3346186]},"faces":{"east":{"uv":[9.5,11.5,10.25,12.0],"rotation":0,"texture":"#0","tintindex":0},"south":{"uv":[8.25,12.5,8.75,13.0],"rotation":0,"texture":"#0","tintindex":0},"north":{"uv":[12.5,6.5,13.0,7.0],"rotation":0,"texture":"#0","tintindex":0},"west":{"uv":[10.5,11.5,11.25,12.0],"rotation":0,"texture":"#0","tintindex":0},"up":{"uv":[12.0,12.25,11.5,11.5],"rotation":0,"texture":"#0","tintindex":0},"down":{"uv":[0.5,11.75,0.0,12.5],"rotation":0,"texture":"#0","tintindex":0}}},{"from":[9.62084,7.9080944,3.3334208],"to":[10.192268,8.479524,5.0477066],"rotation":{"angle":-45.0,"axis":"x","origin":[9.62084,7.72238,5.190564]},"faces":{"east":{"uv":[12.5,5.25,13.25,5.5],"rotation":0,"texture":"#0","tintindex":0},"south":{"uv":[13.0,11.0,13.25,11.25],"rotation":0,"texture":"#0","tintindex":0},"north":{"uv":[10.5,13.0,10.75,13.25],"rotation":0,"texture":"#0","tintindex":0},"west":{"uv":[11.75,12.5,12.5,12.75],"rotation":0,"texture":"#0","tintindex":0},"up":{"uv":[8.0,9.25,7.75,8.5],"rotation":0,"texture":"#0","tintindex":0},"down":{"uv":[9.25,12.5,9.0,13.25],"rotation":0,"texture":"#0","tintindex":0}}},{"from":[5.904762,7.150952,4.048904],"to":[7.047619,8.293809,5.76319],"rotation":{"angle":22.5,"axis":"y","origin":[7.3333335,8.293809,4.3346186]},"faces":{"east":{"uv":[11.75,2.5,12.5,3.0],"rotation":0,"texture":"#0","tintindex":0},"south":{"uv":[11.0,12.5,11.5,13.0],"rotation":0,"texture":"#0","tintindex":0},"north":{"uv":[12.5,10.25,13.0,10.75],"rotation":0,"texture":"#0","tintindex":0},"west":{"uv":[11.75,3.25,12.5,3.75],"rotation":0,"texture":"#0","tintindex":0},"up":{"uv":[3.5,12.5,3.0,11.75],"rotation":0,"texture":"#0","tintindex":0},"down":{"uv":[12.25,4.75,11.75,5.5],"rotation":0,"texture":"#0","tintindex":0}}},{"from":[6.1886845,7.9080944,3.3334208],"to":[6.760113,8.479524,5.0477066],"rotation":{"angle":-45.0,"axis":"x","origin":[6.760113,7.72238,5.190564]},"faces":{"east":{"uv":[12.75,2.25,13.5,2.5],"rotation":0,"texture":"#0","tintindex":0},"south":{"uv":[11.75,13.0,12.0,13.25],"rotation":0,"texture":"#0","tintindex":0},"north":{"uv":[13.0,11.5,13.25,11.75],"rotation":0,"texture":"#0","tintindex":0},"west":{"uv":[12.75,2.75,13.5,3.0],"rotation":0,"texture":"#0","tintindex":0},"up":{"uv":[0.25,13.5,0.0,12.75],"rotation":0,"texture":"#0","tintindex":0},"down":{"uv":[3.25,12.75,3.0,13.5],"rotation":0,"texture":"#0","tintindex":0}}},{"from":[5.047619,8.578326,2.047112],"to":[7.904762,8.578326,5.4756837],"rotation":{"angle":0.0,"axis":"y","origin":[7.047619,9.149755,3.7613978]},"faces":{"east":{"uv":[13.25,3.25,14.75,3.25],"rotation":0,"texture":"#0","tintindex":0},"south":{"uv":[13.25,3.5,14.5,3.5],"rotation":0,"texture":"#0","tintindex":0},"north":{"uv":[13.25,0.5,14.5,0.5],"rotation":0,"texture":"#0","tintindex":0},"west":{"uv":[13.25,3.75,14.75,3.75],"rotation":0,"texture":"#0","tintindex":0},"up":{"uv":[5.75,3.25,4.5,1.75],"rotation":0,"texture":"#0","tintindex":0},"down":{"uv":[5.75,1.75,4.5,3.25],"rotation":0,"texture":"#0","tintindex":0}}},{"from":[8.476191,8.578326,2.047112],"to":[11.333334,8.578326,5.4756837],"rotation":{"angle":0.0,"axis":"y","origin":[9.333333,9.149755,3.7613978]},"faces":{"east":{"uv":[14.75,3.75,13.25,3.75],"rotation":0,"texture":"#0","tintindex":0},"south":{"uv":[14.5,3.5,13.25,3.5],"rotation":0,"texture":"#0","tintindex":0},"north":{"uv":[14.5,0.5,13.25,0.5],"rotation":0,"texture":"#0","tintindex":0},"west":{"uv":[14.75,3.25,13.25,3.25],"rotation":0,"texture":"#0","tintindex":0},"up":{"uv":[4.5,3.25,5.75,1.75],"rotation":0,"texture":"#0","tintindex":0},"down":{"uv":[4.5,1.75,5.75,3.25],"rotation":0,"texture":"#0","tintindex":0}}}],"textures":{"0":"modelengine:entity/scorpion_baby"},"display":{"head":{"translation":[0.0,-6.4,0.0],"scale":[4.0,4.0,4.0]}}}