{"elements":[{"from":[7.246009,6.1387224,7.410714],"to":[8.388865,7.853008,8.596429],"rotation":{"angle":-22.5,"axis":"z","origin":[8.674581,7.2815795,7.9964285]},"faces":{"east":{"uv":[1.5,11.25,2.0,12.0],"rotation":0,"texture":"#0","tintindex":0},"south":{"uv":[2.25,11.25,2.75,12.0],"rotation":0,"texture":"#0","tintindex":0},"north":{"uv":[0.75,11.25,1.25,12.0],"rotation":0,"texture":"#0","tintindex":0},"west":{"uv":[7.25,11.25,7.75,12.0],"rotation":0,"texture":"#0","tintindex":0},"up":{"uv":[2.0,12.75,1.5,12.25],"rotation":0,"texture":"#0","tintindex":0},"down":{"uv":[12.75,1.5,12.25,2.0],"rotation":0,"texture":"#0","tintindex":0}}},{"from":[7.0837975,5.597229,7.7107143],"to":[7.655226,6.740086,8.282143],"rotation":{"angle":0.0,"axis":"y","origin":[7.2266545,6.0258,7.9964285]},"faces":{"east":{"uv":[1.0,8.25,1.25,8.75],"rotation":0,"texture":"#0","tintindex":0},"south":{"uv":[7.25,9.75,7.5,10.25],"rotation":0,"texture":"#0","tintindex":0},"north":{"uv":[6.75,7.75,7.0,8.25],"rotation":0,"texture":"#0","tintindex":0},"west":{"uv":[11.0,7.75,11.25,8.25],"rotation":0,"texture":"#0","tintindex":0},"up":{"uv":[4.25,2.0,4.0,1.75],"rotation":0,"texture":"#0","tintindex":0},"down":{"uv":[11.25,1.5,11.0,1.75],"rotation":0,"texture":"#0","tintindex":0}}}],"textures":{"0":"modelengine:entity/scorpion_baby"},"display":{"head":{"translation":[0.0,-6.4,0.0],"scale":[4.0,4.0,4.0]}}}