{"elements":[{"from":[7.207202,7.9857006,7.4261904],"to":[8.3500595,10.271415,8.569048],"rotation":{"angle":22.5,"axis":"z","origin":[8.207202,8.557129,7.7119045]},"faces":{"east":{"uv":[10.25,0.75,10.75,1.75],"rotation":0,"texture":"#0","tintindex":0},"south":{"uv":[10.25,3.75,10.75,4.75],"rotation":0,"texture":"#0","tintindex":0},"north":{"uv":[1.0,10.0,1.5,11.0],"rotation":0,"texture":"#0","tintindex":0},"west":{"uv":[10.25,6.0,10.75,7.0],"rotation":0,"texture":"#0","tintindex":0},"up":{"uv":[1.25,12.75,0.75,12.25],"rotation":0,"texture":"#0","tintindex":0},"down":{"uv":[12.75,0.75,12.25,1.25],"rotation":0,"texture":"#0","tintindex":0}}}],"textures":{"0":"modelengine:entity/scorpion_baby"},"display":{"head":{"translation":[0.0,-6.4,0.0],"scale":[4.0,4.0,4.0]}}}