{"elements":[{"from":[7.0089216,7.142857,5.8854303],"to":[8.723207,8.857143,8.1711445],"rotation":{"angle":0.0,"axis":"y","origin":[7.8660645,8.0,7.0282874]},"faces":{"east":{"uv":[2.75,8.5,3.75,9.25],"rotation":0,"texture":"#0","tintindex":0},"south":{"uv":[7.75,9.5,8.5,10.25],"rotation":0,"texture":"#0","tintindex":0},"north":{"uv":[9.5,5.0,10.25,5.75],"rotation":0,"texture":"#0","tintindex":0},"west":{"uv":[8.5,3.0,9.5,3.75],"rotation":0,"texture":"#0","tintindex":0},"up":{"uv":[4.75,9.5,4.0,8.5],"rotation":0,"texture":"#0","tintindex":0},"down":{"uv":[9.25,5.25,8.5,6.25],"rotation":0,"texture":"#0","tintindex":0}}},{"from":[6.7232075,7.428571,5.314002],"to":[8.437493,8.571428,7.599716],"rotation":{"angle":45.0,"axis":"y","origin":[6.7232075,8.0,7.0282874]},"faces":{"east":{"uv":[11.0,4.0,12.0,4.5],"rotation":0,"texture":"#0","tintindex":0},"south":{"uv":[11.5,0.0,12.25,0.5],"rotation":0,"texture":"#0","tintindex":0},"north":{"uv":[6.0,2.75,6.75,3.25],"rotation":0,"texture":"#0","tintindex":0},"west":{"uv":[11.0,5.75,12.0,6.25],"rotation":0,"texture":"#0","tintindex":0},"up":{"uv":[7.5,9.5,6.75,8.5],"rotation":0,"texture":"#0","tintindex":0},"down":{"uv":[5.75,8.75,5.0,9.75],"rotation":0,"texture":"#0","tintindex":0}}},{"from":[5.782381,7.714286,3.7324204],"to":[6.925238,8.285714,6.018135],"rotation":{"angle":-22.5,"axis":"y","origin":[6.925238,8.0,6.018135]},"faces":{"east":{"uv":[12.5,4.75,13.5,5.0],"rotation":0,"texture":"#0","tintindex":0},"south":{"uv":[2.0,9.0,2.5,9.25],"rotation":0,"texture":"#0","tintindex":0},"north":{"uv":[8.5,6.5,9.0,6.75],"rotation":0,"texture":"#0","tintindex":0},"west":{"uv":[5.25,12.5,6.25,12.75],"rotation":0,"texture":"#0","tintindex":0},"up":{"uv":[11.5,7.5,11.0,6.5],"rotation":0,"texture":"#0","tintindex":0},"down":{"uv":[11.5,10.25,11.0,11.25],"rotation":0,"texture":"#0","tintindex":0}}},{"from":[8.358813,7.714286,5.1436605],"to":[8.930243,8.285714,6.2865176],"rotation":{"angle":-22.5,"axis":"y","origin":[8.844528,8.0,5.715089]},"faces":{"east":{"uv":[9.5,6.0,10.0,6.25],"rotation":0,"texture":"#0","tintindex":0},"south":{"uv":[7.75,13.0,8.0,13.25],"rotation":0,"texture":"#0","tintindex":0},"north":{"uv":[13.0,7.25,13.25,7.5],"rotation":0,"texture":"#0","tintindex":0},"west":{"uv":[1.5,13.0,2.0,13.25],"rotation":0,"texture":"#0","tintindex":0},"up":{"uv":[13.25,2.0,13.0,1.5],"rotation":0,"texture":"#0","tintindex":0},"down":{"uv":[2.5,13.0,2.25,13.5],"rotation":0,"texture":"#0","tintindex":0}}}],"textures":{"0":"modelengine:entity/scorpion_baby"},"display":{"head":{"translation":[0.0,-6.4,0.0],"scale":[4.0,4.0,4.0]}}}