{"elements":[{"from":[7.58441,6.7208924,7.4410715],"to":[9.870125,7.8637495,8.555357],"rotation":{"angle":-45.0,"axis":"z","origin":[8.727267,7.292321,7.7125]},"faces":{"east":{"uv":[12.5,9.5,12.0,10.0],"rotation":0,"texture":"#0","tintindex":0},"south":{"uv":[7.0,10.0,6.0,10.5],"rotation":0,"texture":"#0","tintindex":0},"north":{"uv":[5.75,10.0,4.75,10.5],"rotation":0,"texture":"#0","tintindex":0},"west":{"uv":[12.5,8.75,12.0,9.25],"rotation":0,"texture":"#0","tintindex":0},"up":{"uv":[10.0,10.0,11.0,9.5],"rotation":0,"texture":"#0","tintindex":0},"down":{"uv":[10.25,0.0,11.25,0.5],"rotation":0,"texture":"#0","tintindex":0}}}],"textures":{"0":"modelengine:entity/scorpion_baby"},"display":{"head":{"translation":[0.0,-6.4,0.0],"scale":[4.0,4.0,4.0]}}}