{"elements":[{"from":[7.2767925,7.142857,5.8854303],"to":[8.991078,8.857143,8.1711445],"rotation":{"angle":0.0,"axis":"y","origin":[8.133935,8.0,7.0282874]},"faces":{"east":{"uv":[9.5,3.0,8.5,3.75],"rotation":0,"texture":"#0","tintindex":0},"south":{"uv":[8.5,9.5,7.75,10.25],"rotation":0,"texture":"#0","tintindex":0},"north":{"uv":[10.25,5.0,9.5,5.75],"rotation":0,"texture":"#0","tintindex":0},"west":{"uv":[3.75,8.5,2.75,9.25],"rotation":0,"texture":"#0","tintindex":0},"up":{"uv":[4.0,9.5,4.75,8.5],"rotation":0,"texture":"#0","tintindex":0},"down":{"uv":[8.5,5.25,9.25,6.25],"rotation":0,"texture":"#0","tintindex":0}}},{"from":[7.5625067,7.428571,5.314002],"to":[9.276793,8.571428,7.599716],"rotation":{"angle":-45.0,"axis":"y","origin":[9.276793,8.0,7.0282874]},"faces":{"east":{"uv":[12.0,5.75,11.0,6.25],"rotation":0,"texture":"#0","tintindex":0},"south":{"uv":[12.25,0.0,11.5,0.5],"rotation":0,"texture":"#0","tintindex":0},"north":{"uv":[6.75,2.75,6.0,3.25],"rotation":0,"texture":"#0","tintindex":0},"west":{"uv":[12.0,4.0,11.0,4.5],"rotation":0,"texture":"#0","tintindex":0},"up":{"uv":[6.75,9.5,7.5,8.5],"rotation":0,"texture":"#0","tintindex":0},"down":{"uv":[5.0,8.75,5.75,9.75],"rotation":0,"texture":"#0","tintindex":0}}},{"from":[9.074762,7.714286,3.7324204],"to":[10.217619,8.285714,6.018135],"rotation":{"angle":22.5,"axis":"y","origin":[9.074762,8.0,6.018135]},"faces":{"east":{"uv":[6.25,12.5,5.25,12.75],"rotation":0,"texture":"#0","tintindex":0},"south":{"uv":[2.5,9.0,2.0,9.25],"rotation":0,"texture":"#0","tintindex":0},"north":{"uv":[9.0,6.5,8.5,6.75],"rotation":0,"texture":"#0","tintindex":0},"west":{"uv":[13.5,4.75,12.5,5.0],"rotation":0,"texture":"#0","tintindex":0},"up":{"uv":[11.0,7.5,11.5,6.5],"rotation":0,"texture":"#0","tintindex":0},"down":{"uv":[11.0,10.25,11.5,11.25],"rotation":0,"texture":"#0","tintindex":0}}},{"from":[7.069758,7.714286,5.1436605],"to":[7.641186,8.285714,6.2865176],"rotation":{"angle":22.5,"axis":"y","origin":[7.155472,8.0,5.715089]},"faces":{"east":{"uv":[2.0,13.0,1.5,13.25],"rotation":0,"texture":"#0","tintindex":0},"south":{"uv":[8.0,13.0,7.75,13.25],"rotation":0,"texture":"#0","tintindex":0},"north":{"uv":[13.25,7.25,13.0,7.5],"rotation":0,"texture":"#0","tintindex":0},"west":{"uv":[10.0,6.0,9.5,6.25],"rotation":0,"texture":"#0","tintindex":0},"up":{"uv":[13.0,2.0,13.25,1.5],"rotation":0,"texture":"#0","tintindex":0},"down":{"uv":[2.25,13.0,2.5,13.5],"rotation":0,"texture":"#0","tintindex":0}}}],"textures":{"0":"modelengine:entity/scorpion_baby"},"display":{"head":{"translation":[0.0,-6.4,0.0],"scale":[4.0,4.0,4.0]}}}