{"elements":[{"from":[7.649941,7.9857006,7.4261904],"to":[8.792798,10.271415,8.569048],"rotation":{"angle":-22.5,"axis":"z","origin":[7.792798,8.557129,7.7119045]},"faces":{"east":{"uv":[10.75,6.0,10.25,7.0],"rotation":0,"texture":"#0","tintindex":0},"south":{"uv":[10.75,3.75,10.25,4.75],"rotation":0,"texture":"#0","tintindex":0},"north":{"uv":[1.5,10.0,1.0,11.0],"rotation":0,"texture":"#0","tintindex":0},"west":{"uv":[10.75,0.75,10.25,1.75],"rotation":0,"texture":"#0","tintindex":0},"up":{"uv":[0.75,12.75,1.25,12.25],"rotation":0,"texture":"#0","tintindex":0},"down":{"uv":[12.25,0.75,12.75,1.25],"rotation":0,"texture":"#0","tintindex":0}}}],"textures":{"0":"modelengine:entity/scorpion_baby"},"display":{"head":{"translation":[0.0,-6.4,0.0],"scale":[4.0,4.0,4.0]}}}