{"elements":[{"from":[7.44504,7.428571,6.1771164],"to":[10.873611,8.571428,7.3199735],"rotation":{"angle":45.0,"axis":"y","origin":[9.159327,8.428572,6.891402]},"faces":{"east":{"uv":[5.0,12.5,4.5,13.0],"rotation":0,"texture":"#0","tintindex":0},"south":{"uv":[10.0,0.75,8.5,1.25],"rotation":0,"texture":"#0","tintindex":0},"north":{"uv":[10.0,0.0,8.5,0.5],"rotation":0,"texture":"#0","tintindex":0},"west":{"uv":[13.0,0.0,12.5,0.5],"rotation":0,"texture":"#0","tintindex":0},"up":{"uv":[8.5,2.0,10.0,1.5],"rotation":0,"texture":"#0","tintindex":0},"down":{"uv":[8.5,2.25,10.0,2.75],"rotation":0,"texture":"#0","tintindex":0}}}],"textures":{"0":"modelengine:entity/scorpion_baby"},"display":{"head":{"translation":[0.0,-6.4,0.0],"scale":[4.0,4.0,4.0]}}}