{"elements":[{"from":[7.142857,8.269777,6.562685],"to":[8.857143,10.555491,8.276971],"rotation":{"angle":-22.5,"axis":"x","origin":[7.714286,9.698349,8.848399]},"faces":{"east":{"uv":[8.25,4.0,9.0,5.0],"rotation":0,"texture":"#0","tintindex":0},"south":{"uv":[8.25,7.0,9.0,8.0],"rotation":0,"texture":"#0","tintindex":0},"north":{"uv":[0.0,8.25,0.75,9.25],"rotation":0,"texture":"#0","tintindex":0},"west":{"uv":[8.25,8.25,9.0,9.25],"rotation":0,"texture":"#0","tintindex":0},"up":{"uv":[1.75,9.75,1.0,9.0],"rotation":0,"texture":"#0","tintindex":0},"down":{"uv":[10.0,4.0,9.25,4.75],"rotation":0,"texture":"#0","tintindex":0}}},{"from":[7.428571,9.03055,5.0664806],"to":[8.571428,10.173407,7.3521953],"rotation":{"angle":22.5,"axis":"x","origin":[7.714286,8.887692,7.6379094]},"faces":{"east":{"uv":[8.75,9.5,9.75,10.0],"rotation":0,"texture":"#0","tintindex":0},"south":{"uv":[11.75,10.25,12.25,10.75],"rotation":0,"texture":"#0","tintindex":0},"north":{"uv":[11.75,6.5,12.25,7.0],"rotation":0,"texture":"#0","tintindex":0},"west":{"uv":[9.75,3.0,10.75,3.5],"rotation":0,"texture":"#0","tintindex":0},"up":{"uv":[6.5,9.75,6.0,8.75],"rotation":0,"texture":"#0","tintindex":0},"down":{"uv":[4.5,9.75,4.0,10.75],"rotation":0,"texture":"#0","tintindex":0}}}],"textures":{"0":"modelengine:entity/scorpion_baby"},"display":{"head":{"translation":[0.0,-6.4,0.0],"scale":[4.0,4.0,4.0]}}}