{"elements":[{"from":[7.142857,6.8885684,6.4515133],"to":[8.857143,8.602855,8.165799],"rotation":{"angle":-22.5,"axis":"x","origin":[8.0,7.8885684,7.165799]},"faces":{"east":{"uv":[9.25,7.5,10.0,8.25],"rotation":0,"texture":"#0","tintindex":0},"south":{"uv":[9.25,8.5,10.0,9.25],"rotation":0,"texture":"#0","tintindex":0},"north":{"uv":[9.25,6.5,10.0,7.25],"rotation":0,"texture":"#0","tintindex":0},"west":{"uv":[0.0,9.5,0.75,10.25],"rotation":0,"texture":"#0","tintindex":0},"up":{"uv":[2.75,10.25,2.0,9.5],"rotation":0,"texture":"#0","tintindex":0},"down":{"uv":[3.75,9.5,3.0,10.25],"rotation":0,"texture":"#0","tintindex":0}}},{"from":[8.0,6.31714,4.165799],"to":[8.0,9.174283,6.4515133],"rotation":{"angle":-22.5,"axis":"x","origin":[8.857143,7.8885684,7.165799]},"faces":{"east":{"uv":[4.25,7.0,5.25,8.25],"rotation":0,"texture":"#0","tintindex":0},"south":{"uv":[12.25,13.0,12.25,14.25],"rotation":0,"texture":"#0","tintindex":0},"north":{"uv":[2.75,13.0,2.75,14.25],"rotation":0,"texture":"#0","tintindex":0},"west":{"uv":[7.25,5.5,8.25,6.75],"rotation":0,"texture":"#0","tintindex":0},"up":{"uv":[12.5,14.0,12.5,13.0],"rotation":0,"texture":"#0","tintindex":0},"down":{"uv":[4.5,13.25,4.5,14.25],"rotation":0,"texture":"#0","tintindex":0}}}],"textures":{"0":"modelengine:entity/scorpion_baby"},"display":{"head":{"translation":[0.0,-6.4,0.0],"scale":[4.0,4.0,4.0]}}}